"name","sex"
"John","Male"
"William","Male"
"James","Male"
"Charles","Male"
"George","Male"
"Frank","Male"
"Joseph","Male"
"Thomas","Male"
"Henry","Male"
"Robert","Male"
"Tony","Male"
"Kyler","Male"
"Danny","Male"
"Gary","Male"
"Myles","Male"
"Corbin","Male"
"Roman","Male"
"Alfredo","Male"
"Jace","Male"
"Oliver","Male"
"Willie","Male"
"Alfred","Male
"Sam","Male"
"Roy","Male"
"Herbert","Male"
"Jacob","Male"
"Tom","Male"
"Elmer","Male"
"Carl","Male"
"Lee","Male"
"Howard","Male"
"Martin","Male
"Michael","Male"
"Bert","Male"
"Herman","Male"
"Jim","Male"
"Francis","Male"
"Harvey","Male"
"Earl","Male"
"Eugene","Male"
"Ralph","Male"
"Ed","Male"
"Claude","Male"
"Edwin","Male"
"Ben","Male"
"Charley","Male"
"Paul","Male"
"Edgar","Male"
"Isaac","Male"
"Otto","Male"
"Luther","Male"
"Lawrence","Male"
"Ira","Male"
"Jerry","Male"
"Russell","Male"
"Luke","Male"
"Carl","Male"
"Adrian","Male"
"Jesus","Male"
"Blake","Male"
"Terry","Male"
"Shaun","Male"
"Christian","Male"
"Troy","Male"
"Miguel","Male"
"Mario","Male"
"Johnny","Male"
"Lucas","Male"
"Bobby","Male"
"Tony","Male"
"Allen","Male"
"Ricardo","Male"
"Martin","Male"
"Billy","Male"
"Alex","Male"
"Marc","Male"
"Jimmy","Male"
"Andre","Male"
"Ricky","Male"
"Randall","Male"
"Trevor","Male"
"Austin","Male"
"Lawrence","Male"
"Danny","Male"
"Kristopher","Male"
"Lance","Male"
"Henry","Male"
"Johnathan","Male"
"Lee","Male"
"Micheal","Male"
"Jorge","Male"
"Clinton","Male"
"Frank","Male"
"Todd","Male"
"Luis","Male"
"Gabriel","Male"
"Casey","Male"
"Jeffery","Male"
"Dennis","Male"
"Evan","Male"
"Andre","Male"
"Ira","Male"
"Salvatore","Male"
"Troy","Male"
"Rudy","Male"
"Derrick","Male"
"Rudolph","Male"
"Delbert","Male"
"Jan","Male"
"Roderick","Male"
"Sylvester","Male"
"Laurence","Male"
"Mickey","Male"
"Stewart","Male"
"Marty","Male"
"Alton","Male"
"Myron","Male"
"Darrel","Male"
"Miguel","Male"
"Grant","Male"
"Julius","Male"
"Edmund","Male"
"Armando","Male"
"Malcolm","Male"
"Sherman","Male"
"Roosevelt","Male"
"Dwayne","Male"
"Ramon","Male"
"Angelo","Male"
"Archie","Male"
"Jacob","Male"
"Andy","Male"
"Leland","Male"
"Rodger","Male"
"Ivan","Male"
"Felix","Male"
"Horace","Male"
"Pedro","Male"
"Isaac","Male"
"Pete","Male"
"Van","Male"
"Doyle","Male"
"Shawn","Male"
"Monte","Male"
"Lorenzo","Male"
"Fernando","Male"
"Hubert","Male"
"Kelvin","Male"
"Jerald","Male"
"Rene","Male"
"Tracy","Male"
"Preston","Male"
"Jeffry","Male"
"Wilbert","Male"
"Tommie","Male"
"Forrest","Male"
"Oliver","Male"
"Sean","Male"
"Derek","Male"
"Ron","Male"
"Unknown","Male"
"Denis","Male"
"Cary","Male"
"Stephan","Male"
"Teddy","Male"
"Nick","Male"
"Lowell","Male"
"Julian","Male"
"Brett","Male"
"Hal","Male"
"Willis","Male"
"Marlon","Male"
"Ken","Male"
"Wilbur","Male"
"Angel","Male"
"Freddy","Male"
"Adrian","Male"
"Clay","Male"
"Ervin","Male"
"Dallas","Male"
"Rafael","Male"
"Alonzo","Male"
"Dexter","Male"
"Homer","Male"
"Arturo","Male"
"Rufus","Male"
"Bert","Male"
"Kyle","Male"
"Carroll","Male"
"Grady","Male"
"Alfredo","Male"
"Dewey","Male"
"Jason","Male"
"Gerry","Male"
"Mack","Male"
"Alfonso","Male"
"Dominic","Male"
"Conrad","Male"
"Dirk","Male"
"Rory","Male"
"Jaime","Male"
"Royce","Male"
"Maled","Male"
"Jorge","Male"
"Ellis","Male"
"Carey","Male"
"Buddy","Male"
"Stevie","Male"
"Travis","Male"
"Monty","Male"
"Sheldon","Male"
"Irvin","Male"
"Adam","Male"
"Christian","Male"
"Owen","Male"
"Darwin","Male"
"Elbert","Male"
"Louie","Male"
"Sammie","Male"
"Cornelius","Male"
"Alberto","Male"
"Wilson","Male"
"Edmond","Male"
"Noel","Male"
"Darnell","Male"
"Gabriel","Male"
"Pat","Male"
"Cleveland","Male"
"Dominick","Male"
"Garland","Male"
"Spencer","Male"
"Lionel","Male"
"Ronny","Male"
"Rusty","Male"
"Evan","Male"
"Salvador","Male"
"Vance","Male"
"Dewayne","Male"
"Miles","Male"
"Bart","Male"
"Blaine","Male"
"Guadalupe","Male"
"Percy","Male"
"Alphonso","Male"
"Ernie","Male"
"Joesph","Male"
"Shane","Male"
"Harlan","Male"
"Casey","Male"
"Jody","Male"
"Aubrey","Male"
"Emmett","Male"
"Rodolfo","Male"
"Phil","Male"
"Curt","Male"
"Galen","Male"
"Merle","Male"
"Marlin","Male"
"Abraham","Male"
"Norris","Male"
"Javier","Male"
"Al","Male"
"Amos","Male"
"Donny","Male"
"Lamar","Male"
"Wilfred","Male"
"Winston","Male"
"Woodrow","Male"
"Timmy","Male"
"Blake","Male"
"Elton","Male"
"Murray","Male"
"Zachary","Male"
"Enrique","Male"
"Barney","Male"
"Scot","Male"
"Kirby","Male"
"Orlando","Male"
"Reed","Male"
"Grover","Male"
"Ernesto","Male"
"Moses","Male"
"Jess","Male"
"Ned","Male"
"Sterling","Male"
"Jamie","Male"
"Drew","Male"
"Julio","Male"
"Colin","Male"
"Dannie","Male"
"Cedric","Male"
"Corey","Male"
"Eldon","Male"
"Lon","Male"
"Emanuel","Male"
"Joshua","Male"
"Justin","Male"
"Irving","Male"
"Eduardo","Male"
"Jerrold","Male"
"Kris","Male"
"Denny","Male"
"Randell","Male"
"Elijah","Male"
"Linwood","Male"
"Michel","Male"
"Chad","Male"
"Sandy","Male"
"Robbie","Male"
"Blair","Male"
"Eddy","Male"
"Junior","Male"
"Lanny","Male"
"Kendall","Male"
"Rocco","Male"
"Frederic","Male"
"Harley","Male"
"Erik","Male"
"Thaddeus","Male"
"Dane","Male"
"Doug","Male"
"Simon","Male"
"Sanford","Male"
"Cornell","Male"
"Elliott","Male"
"Luke","Male"
"Ramiro","Male"
"Reuben","Male"
"Damon","Male"
"Stan","Male"
"Abel","Male"
"Vaughn","Male"
"Seth","Male"
"Loyd","Male"
"Bennett","Male"
"Cory","Male"
"Lamont","Male"
"Levi","Male"
"Chuck","Male"
"Kennith","Male"
"Austin","Male"
"Reynaldo","Male"
"Garth","Male"
"Morgan","Male"
"Ward","Male"
"Gale","Male"
"Nolan","Male"
"Jefferson","Male"
"Tomas","Male"
"Carmen","Male"
"Davy","Male"
"Mitchel","Male"
"Terrell","Male"
"Orville","Male"
"Donn","Male"
"Matt","Male"
"Billie","Male"
"Norbert","Male"
"Felipe","Male"
"Toby","Male"
"Ed","Male"
"Harrison","Male"
"Israel","Male"
"Kermit","Male"
"Odell","Male"
"Reid","Male"
"Barton","Male"
"Russel","Male"
"Bryant","Male"
"Danial","Male"
"Kip","Male"
"Burton","Male"
"Jasper","Male"
"Lane","Male"
"Dick","Male"
"Cameron","Male"
"Fredric","Male"
"Emil","Male"
"Kimberly","Male"
"Ryan","Male"
"Merlin","Male"
"Pablo","Male"
"Erwin","Male"
"Garrett","Male"
"Mathew","Male"
"Ian","Male"
"Roscoe","Male"
"Dudley","Male"
"Domingo","Male"
"Gilberto","Male"
"Solomon","Male"
"Brady","Male"
"Donnell","Male"
"Elvin","Male"
"Thurman","Male"
"Wiley","Male"
"Rolando","Male"
"Vern","Male"
"Bobbie","Male"
"Gus","Male"
"Jeremiah","Male"
"Scotty","Male"
"Winfred","Male"
"Millard","Male"
"Ulysses","Male"
"Hollis","Male"
"Ismael","Male"
"Reggie","Male"
"Will","Male"
"Audie","Male"
"Elwood","Male"
"Lonny","Male"
"Rod","Male"
"Weldon","Male"
"Alejandro","Male"
"Roman","Male"
"Shannon","Male"
"Dwain","Male"
"Andres","Male"
"Lindsey","Male"
"Mikel","Male"
"Emilio","Male"
"Gerardo","Male"
"Adolph","Male"
"Pierre","Male"
"Jean","Male"
"Jonathon","Male"
"Elias","Male"
"Guillermo","Male"
"Merrill","Male"
"Shelby","Male"
"Arlen","Male"
"August","Male"
"Davis","Male"
"Hans","Male"
"Mary","Male"
"Val","Male"
"Anton","Male"
"Carter","Male"
"Cliff","Male"
"Tod","Male"
"Bryce","Male"
"Shelton","Male"
"Duncan","Male"
"Kenton","Male"
"Ollie","Male"
"Rogelio","Male"
"Vito","Male"
"Emory","Male"
"Jake","Male"
"Sergio","Male"
"Clement","Male"
"Jacky","Male"
"Charley","Male"
"Coy","Male"
"Ivory","Male"
"Rock","Male"
"Connie","Male"
"Ignacio","Male"
"Jerold","Male"
"Avery","Male"
"Denver","Male"
"Elliot","Male"
"Harris","Male"
"Otto","Male"
"Armand","Male"
"Jed","Male"
"Stacy","Male"
"Trent","Male"
"Benito","Male"
"Bernie","Male"
"Noah","Male"
"Monroe","Male"
"Emery","Male"
"Riley","Male"
"Maynard","Male"
"Jackson","Male"
"Myles","Male"
"Rob","Male"
"Booker","Male"
"Leigh","Male"
"Sonny","Male"
"Toney","Male"
"Carson","Male"
"Delmar","Male"
"Wyatt","Male"
"Santos","Male"
"Burt","Male"
"Nicky","Male"
"Bud","Male"
"Hank","Male"
"Lindsay","Male"
"Napoleon","Male"
"Ricki","Male"
"Eli","Male"
"Herschel","Male"
"Johnie","Male"
"Lenard","Male"
"Quentin","Male"
"Saul","Male"
"Faron","Male"
"Isaiah","Male"
"Marco","Male"
"Wilford","Male"
"Shaun","Male"
"Tyler","Male"
"Vince","Male"
"Butch","Male"
"Clint","Male"
"Dickie","Male"
"Gail","Male"
"Rogers","Male"
"Glynn","Male"
"Gustavo","Male"
"Jeremy","Male"
"Santiago","Male"
"Carmine","Male"
"Del","Male"
"Geary","Male"
"Hiram","Male"
"Humberto","Male"
"Xavier","Male"
"Earle","Male"
"Kurtis","Male"
"Randel","Male"
"Efrain","Male"
"Lawerence","Male"
"Lavern","Male"
"Milo","Male"
"Freeman","Male"
"Isiah","Male"
"Marcos","Male"
"Mervin","Male"
"Curtiss","Male"
"Jordan","Male"
"Zane","Male"
"Donovan","Male"
"Fletcher","Male"
"Irwin","Male"
"Forest","Male"
"Royal","Male"
"Stanford","Male"
"Wilfredo","Male"
"Wilmer","Male"
"Dalton","Male"
"Linda","Male"
"Major","Male"
"Augustine","Male"
"Basil","Male"
"Brandon","Male"
"Robby","Male"
"Brooks","Male"
"Errol","Male"
"Laverne","Male"
"Anderson","Male"
"Deborah","Male"
"Gearld","Male"
"Jere","Male"
"Clair","Male"
"Nickolas","Male"
"Dee","Male"
"Douglass","Male"
"Alden","Male"
"Brendan","Male"
"Bryon","Male"
"Felton","Male"
"Hershel","Male"
"Mason","Male"
"Noe","Male"
"Burl","Male"
"Cleo","Male"
"Cyrus","Male"
"Lemuel","Male"
"Russ","Male"
"Wilburn","Male"
"Johnathan","Male"
"Lyndon","Male"
"Mckinley","Male"
"Odis","Male"
"Stanton","Male"
"Stevan","Male"
"Chip","Male"
"Davey","Male"
"Jarvis","Male"
"Lenny","Male"
"Raphael","Male"
"Buford","Male"
"Ritchie","Male"
"Blane","Male"
"Cesar","Male"
"Patricia","Male"
"Augustus","Male"
"Bret","Male"
"Mac","Male"
"Maxwell","Male"
"Wilton","Male"
"Adolfo","Male"
"Carnell","Male"
"Haywood","Male"
"Rayford","Male"
"Silas","Male"
"Damian","Male"
"Dino","Male"
"Federico","Male"
"Dennie","Male"
"Huey","Male"
"Jacques","Male"
"Nicolas","Male"
"Normand","Male"
"Stacey","Male"
"Tad","Male"
"Wally","Male"
"Carlo","Male"
"Fritz","Male"
"Judson","Male"
"Kit","Male"
"Quinton","Male"
"Cordell","Male"
"Duke","Male"
"Dwaine","Male"
"Leonardo","Male"
"Lincoln","Male"
"Lyman","Male"
"Rolland","Male"
"Rubin","Male"
"Thad","Male"
"Vicente","Male"
"Derrell","Male"
"Houston","Male"
"Otha","Male"
"Alfonzo","Male"
"Marcel","Male"
"Delmer","Male"
"Elroy","Male"
"Graham","Male"
"Hilton","Male"
"Olin","Male"
"Alva","Male"
"Bertram","Male"
"Ashley","Male"
"Barbara","Male"
"Len","Male"
"Rand","Male"
"Von","Male"
"Wardell","Male"
"Artis","Male"
"Malece","Male"
"Carol","Male"
"Cyril","Male"
"Edwardo","Male"
"Hoyt","Male"
"Keven","Male"
"Dusty","Male"
"Eloy","Male"
"Emerson","Male"
"Everette","Male"
"Hugo","Male"
"Taylor","Male"
"Woody","Male"
"Cody","Male"
"Donell","Male"
"Gayle","Male"
"Gaylon","Male"
"Gregorio","Male"
"Ike","Male"
"Issac","Male"
"Jules","Male"
"Rhett","Male"
"Theron","Male"
"Alphonse","Male"
"Berry","Male"
"Cruz","Male"
"Domenic","Male"
"Layne","Male"
"Raleigh","Male"
"Verne","Male"
"Debra","Male"
"Newton","Male"
"Prince","Male"
"Bruno","Male"
"Carmelo","Male"
"Courtney","Male"
"Reynold","Male"
"Rodrick","Male"
"Williams","Male"
"Artie","Male"
"Britt","Male"
"Carleton","Male"
"Emmanuel","Male"
"Fidel","Male"
"Gil","Male"
"Hayward","Male"
"Kelley","Male"
"Kevan","Male"
"Foster","Male"
"Lacy","Male"
"Lynwood","Male"
"Milford","Male"
"Rudolfo","Male"
"Delton","Male"
"Elmo","Male"
"Erich","Male"
"Ezra","Male"
"Gino","Male"
"Regis","Male"
"Sherwood","Male"
"Skip","Male"
"Coleman","Male"
"Darold","Male"
"Dell","Male"
"Demetrius","Male"
"Dewitt","Male"
"Farrell","Male"
"Ferdinand","Male"
"Kraig","Male"
"Rolf","Male"
"Alford","Male"
"Chauncey","Male"
"Darcy","Male"
